date,operator,bottype,stars,bot_1_No,bot_2_No,bots,dress_diameter_bot_1,dress_diameter_bot_2,folder,path,LocatingFile,minCircleRadius,maxCircleRadius,startingVoltage,endingVoltage,fps,cpp,start_min,end_min,arenaSize[cm],comments,backedup,motorVal,production,linkingFileName,botLocatingFileName,botLinkingFileName,miniVideoFileNamePack,locatingFileNamePack,linkingFileNamePack
20240508,Eden,fronter,,5,10,2,9.78,9.78,D:\Eden\dress_exp\7_5_24,D:\Eden\dress_exp\7_5_24\C0766.MP4,,,,,,,,,,,,,,,,,,,,
20240508,Eden,fronter,,5,10,2,9.78,9.78,D:\Eden\dress_exp\7_5_24,D:\Eden\dress_exp\7_5_24\C0767.MP4,,,,,,,,,,,,,,,,,,,,
20240508,Eden,fronter,,5,10,,,,D:\Eden\dress_exp\7_5_24,D:\Eden\dress_exp\7_5_24\C0768.MP4,,,,,,,,,,,,,,,,,,,,
20240508,Eden,fronter,,5,12,2,11.44,11.44,D:\Eden\dress_exp\7_5_24,D:\Eden\dress_exp\7_5_24\C0770.MP4,D:\Eden\dress_exp\7_5_24\C0770.MP4_locatedFull20240508_bot_Eden_test.csv,,,,,,,0:04,0:08,,,,,,,,,,,
,,fronter,,,,,11.44,11.44,D:\Eden\dress_exp\7_5_24,D:\Eden\dress_exp\7_5_24\C0770.MP4,D:\Eden\dress_exp\7_5_24\C0770.MP4_locatedFull20240508_bot_Eden_test.csv,,,,,,,0:13,0:17,,,,,,,,,,,
,,fronter,,,,,11.44,11.44,D:\Eden\dress_exp\7_5_24,D:\Eden\dress_exp\7_5_24\C0770.MP4,D:\Eden\dress_exp\7_5_24\C0770.MP4_locatedFull20240508_bot_Eden_test.csv,,,,,,,0:32,0:35,,,,,,,,,,,
,,fronter,,,,,11.44,11.44,D:\Eden\dress_exp\7_5_24,D:\Eden\dress_exp\7_5_24\C0770.MP4,D:\Eden\dress_exp\7_5_24\C0770.MP4_locatedFull20240508_bot_Eden_test.csv,,,,,,,1:02,1:05,,,,,,,,,,,
,,fronter,,,,,11.44,11.44,D:\Eden\dress_exp\7_5_24,D:\Eden\dress_exp\7_5_24\C0770.MP4,D:\Eden\dress_exp\7_5_24\C0770.MP4_locatedFull20240508_bot_Eden_test.csv,,,,,,,1:12,1:16,,,,,,,,,,,
,,fronter,,,,,11.44,11.44,D:\Eden\dress_exp\7_5_24,D:\Eden\dress_exp\7_5_24\C0770.MP4,D:\Eden\dress_exp\7_5_24\C0770.MP4_locatedFull20240508_bot_Eden_test.csv,,,,,,,1:17,1:25,,,,,,,,,,,
,,fronter,,,,,11.44,11.44,D:\Eden\dress_exp\7_5_24,D:\Eden\dress_exp\7_5_24\C0770.MP4,D:\Eden\dress_exp\7_5_24\C0770.MP4_locatedFull20240508_bot_Eden_test.csv,,,,,,,1:29,1:38,,,,,,,,,,,
,,fronter,,,,,11.44,11.44,D:\Eden\dress_exp\7_5_24,D:\Eden\dress_exp\7_5_24\C0770.MP4,D:\Eden\dress_exp\7_5_24\C0770.MP4_locatedFull20240508_bot_Eden_test.csv,,,,,,,1:43,1:49,,,,,,,,,,,
,,fronter,,,,,11.44,11.44,D:\Eden\dress_exp\7_5_24,D:\Eden\dress_exp\7_5_24\C0770.MP4,D:\Eden\dress_exp\7_5_24\C0770.MP4_locatedFull20240508_bot_Eden_test.csv,,,,,,,1:53,1:57,,,,,,,,,,,
,,fronter,,,,,11.44,11.44,D:\Eden\dress_exp\7_5_24,D:\Eden\dress_exp\7_5_24\C0770.MP4,D:\Eden\dress_exp\7_5_24\C0770.MP4_locatedFull20240508_bot_Eden_test.csv,,,,,,,2:02,2:05,,,,,,,,,,,
,,fronter,,,,,11.44,11.44,D:\Eden\dress_exp\7_5_24,D:\Eden\dress_exp\7_5_24\C0770.MP4,D:\Eden\dress_exp\7_5_24\C0770.MP4_locatedFull20240508_bot_Eden_test.csv,,,,,,,2:11,2:15,,,,,,,,,,,
,,fronter,,,,,11.44,11.44,D:\Eden\dress_exp\7_5_24,D:\Eden\dress_exp\7_5_24\C0770.MP4,D:\Eden\dress_exp\7_5_24\C0770.MP4_locatedFull20240508_bot_Eden_test.csv,,,,,,,2:22,2:28,,,,,,,,,,,
,,fronter,,,,,11.44,11.44,D:\Eden\dress_exp\7_5_24,D:\Eden\dress_exp\7_5_24\C0770.MP4,D:\Eden\dress_exp\7_5_24\C0770.MP4_locatedFull20240508_bot_Eden_test.csv,,,,,,,2:33,2:42,,,,,,,,,,,
,,fronter,,,,,11.44,11.44,D:\Eden\dress_exp\7_5_24,D:\Eden\dress_exp\7_5_24\C0770.MP4,D:\Eden\dress_exp\7_5_24\C0770.MP4_locatedFull20240508_bot_Eden_test.csv,,,,,,,2:46,2:51,,,,,,,,,,,
20240508,Eden,fronter,,5,12,,13.1,13.1,D:\Eden\dress_exp\7_5_24,D:\Eden\dress_exp\7_5_24\C0771.MP4,D:\Eden\dress_exp\7_5_24\C0771.MP4_locatedFull20240508_bot_Eden_test.csv,,,,,,,0:09,0:22,,,,,,,,,,,
,,fronter,,,,,13.1,13.1,D:\Eden\dress_exp\7_5_24,D:\Eden\dress_exp\7_5_24\C0771.MP4,D:\Eden\dress_exp\7_5_24\C0771.MP4_locatedFull20240508_bot_Eden_test.csv,,,,,,,0:26,0:37,,,,,,,,,,,
,,fronter,,,,,13.1,13.1,D:\Eden\dress_exp\7_5_24,D:\Eden\dress_exp\7_5_24\C0771.MP4,D:\Eden\dress_exp\7_5_24\C0771.MP4_locatedFull20240508_bot_Eden_test.csv,,,,,,,0:41,0:58,,,,,,,,,,,
,,fronter,,,,,13.1,13.1,D:\Eden\dress_exp\7_5_24,D:\Eden\dress_exp\7_5_24\C0771.MP4,D:\Eden\dress_exp\7_5_24\C0771.MP4_locatedFull20240508_bot_Eden_test.csv,,,,,,,1:03,1:20,,,,,,,,,,,
,,fronter,,,,,13.1,13.1,D:\Eden\dress_exp\7_5_24,D:\Eden\dress_exp\7_5_24\C0771.MP4,D:\Eden\dress_exp\7_5_24\C0771.MP4_locatedFull20240508_bot_Eden_test.csv,,,,,,,1:24,1:49,,,,,,,,,,,
,,fronter,,,,,13.1,13.1,D:\Eden\dress_exp\7_5_24,D:\Eden\dress_exp\7_5_24\C0771.MP4,D:\Eden\dress_exp\7_5_24\C0771.MP4_locatedFull20240508_bot_Eden_test.csv,,,,,,,1:51,2:08,,,,,,,,,,,
,,fronter,,,,,13.1,13.1,D:\Eden\dress_exp\7_5_24,D:\Eden\dress_exp\7_5_24\C0771.MP4,D:\Eden\dress_exp\7_5_24\C0771.MP4_locatedFull20240508_bot_Eden_test.csv,,,,,,,2:10,2:28,,,,,,,,,,,
,,fronter,,,,,13.1,13.1,D:\Eden\dress_exp\7_5_24,D:\Eden\dress_exp\7_5_24\C0771.MP4,D:\Eden\dress_exp\7_5_24\C0771.MP4_locatedFull20240508_bot_Eden_test.csv,,,,,,,2:31,2:56,,,,,,,,,,,
,,fronter,,,,,13.1,13.1,D:\Eden\dress_exp\7_5_24,D:\Eden\dress_exp\7_5_24\C0771.MP4,D:\Eden\dress_exp\7_5_24\C0771.MP4_locatedFull20240508_bot_Eden_test.csv,,,,,,,3:01,3:36,,,,,,,,,,,
,,fronter,,,,,13.1,13.1,D:\Eden\dress_exp\7_5_24,D:\Eden\dress_exp\7_5_24\C0771.MP4,D:\Eden\dress_exp\7_5_24\C0771.MP4_locatedFull20240508_bot_Eden_test.csv,,,,,,,3:39,3:51,,,,,,,,,,,
,,fronter,,,,,13.1,13.1,D:\Eden\dress_exp\7_5_24,D:\Eden\dress_exp\7_5_24\C0771.MP4,D:\Eden\dress_exp\7_5_24\C0771.MP4_locatedFull20240508_bot_Eden_test.csv,,,,,,,3:56,4:12,,,,,,,,,,,
20240508,Eden,fronter,,5,12,,9.78,9.78,D:\Eden\dress_exp\7_5_24,D:\Eden\dress_exp\7_5_24\C0772.MP4,D:\Eden\dress_exp\7_5_24\C0772.MP4_locatedFull20240508_bot_Eden_test.csv,,,,,,,0:06,0:11,,,,,,,,,,,
,,fronter,,,,,9.78,9.78,D:\Eden\dress_exp\7_5_24,D:\Eden\dress_exp\7_5_24\C0772.MP4,D:\Eden\dress_exp\7_5_24\C0772.MP4_locatedFull20240508_bot_Eden_test.csv,,,,,,,0:14,0:19,,,,,,,,,,,
,,fronter,,,,,9.78,9.78,D:\Eden\dress_exp\7_5_24,D:\Eden\dress_exp\7_5_24\C0772.MP4,D:\Eden\dress_exp\7_5_24\C0772.MP4_locatedFull20240508_bot_Eden_test.csv,,,,,,,0:23,0:26,,,,,,,,,,,
,,fronter,,,,,9.78,9.78,D:\Eden\dress_exp\7_5_24,D:\Eden\dress_exp\7_5_24\C0772.MP4,D:\Eden\dress_exp\7_5_24\C0772.MP4_locatedFull20240508_bot_Eden_test.csv,,,,,,,0:28,0:31,,,,,,,,,,,
,,fronter,,,,,9.78,9.78,D:\Eden\dress_exp\7_5_24,D:\Eden\dress_exp\7_5_24\C0772.MP4,D:\Eden\dress_exp\7_5_24\C0772.MP4_locatedFull20240508_bot_Eden_test.csv,,,,,,,0:37,0:39,,,,,,,,,,,
,,fronter,,,,,9.78,9.78,D:\Eden\dress_exp\7_5_24,D:\Eden\dress_exp\7_5_24\C0772.MP4,D:\Eden\dress_exp\7_5_24\C0772.MP4_locatedFull20240508_bot_Eden_test.csv,,,,,,,0:43,0:45,,,,,,,,,,,
,,fronter,,,,,9.78,9.78,D:\Eden\dress_exp\7_5_24,D:\Eden\dress_exp\7_5_24\C0772.MP4,D:\Eden\dress_exp\7_5_24\C0772.MP4_locatedFull20240508_bot_Eden_test.csv,,,,,,,0:57,0:59,,,,,,,,,,,
,,fronter,,,,,9.78,9.78,D:\Eden\dress_exp\7_5_24,D:\Eden\dress_exp\7_5_24\C0772.MP4,D:\Eden\dress_exp\7_5_24\C0772.MP4_locatedFull20240508_bot_Eden_test.csv,,,,,,,1:02,1:05,,,,,,,,,,,
,,fronter,,,,,9.78,9.78,D:\Eden\dress_exp\7_5_24,D:\Eden\dress_exp\7_5_24\C0772.MP4,D:\Eden\dress_exp\7_5_24\C0772.MP4_locatedFull20240508_bot_Eden_test.csv,,,,,,,1:07,1:10,,,,,,,,,,,
,,fronter,,,,,9.78,9.78,D:\Eden\dress_exp\7_5_24,D:\Eden\dress_exp\7_5_24\C0772.MP4,D:\Eden\dress_exp\7_5_24\C0772.MP4_locatedFull20240508_bot_Eden_test.csv,,,,,,,1:12,1:14,,,,,,,,,,,
,,fronter,,,,,9.78,9.78,D:\Eden\dress_exp\7_5_24,D:\Eden\dress_exp\7_5_24\C0772.MP4,D:\Eden\dress_exp\7_5_24\C0772.MP4_locatedFull20240508_bot_Eden_test.csv,,,,,,,1:21,1:23,,,,,,,,,,,
,,fronter,,,,,9.78,9.78,D:\Eden\dress_exp\7_5_24,D:\Eden\dress_exp\7_5_24\C0772.MP4,D:\Eden\dress_exp\7_5_24\C0772.MP4_locatedFull20240508_bot_Eden_test.csv,,,,,,,1:28,1:31,,,,,,,,,,,
,,fronter,,,,,9.78,9.78,D:\Eden\dress_exp\7_5_24,D:\Eden\dress_exp\7_5_24\C0772.MP4,D:\Eden\dress_exp\7_5_24\C0772.MP4_locatedFull20240508_bot_Eden_test.csv,,,,,,,1:34,1:36,,,,,,,,,,,
,,fronter,,,,,9.78,9.78,D:\Eden\dress_exp\7_5_24,D:\Eden\dress_exp\7_5_24\C0772.MP4,D:\Eden\dress_exp\7_5_24\C0772.MP4_locatedFull20240508_bot_Eden_test.csv,,,,,,,1:39,1:41,,,,,,,,,,,
,,fronter,,,,,9.78,9.78,D:\Eden\dress_exp\7_5_24,D:\Eden\dress_exp\7_5_24\C0772.MP4,D:\Eden\dress_exp\7_5_24\C0772.MP4_locatedFull20240508_bot_Eden_test.csv,,,,,,,1:43,1:46,,,,,,,,,,,
,,fronter,,,,,9.78,9.78,D:\Eden\dress_exp\7_5_24,D:\Eden\dress_exp\7_5_24\C0772.MP4,D:\Eden\dress_exp\7_5_24\C0772.MP4_locatedFull20240508_bot_Eden_test.csv,,,,,,,1:48,1:50,,,,,,,,,,,
,,fronter,,,,,9.78,9.78,D:\Eden\dress_exp\7_5_24,D:\Eden\dress_exp\7_5_24\C0772.MP4,D:\Eden\dress_exp\7_5_24\C0772.MP4_locatedFull20240508_bot_Eden_test.csv,,,,,,,1:56,1:58,,,,,,,,,,,
,,fronter,,,,,9.78,9.78,D:\Eden\dress_exp\7_5_24,D:\Eden\dress_exp\7_5_24\C0772.MP4,D:\Eden\dress_exp\7_5_24\C0772.MP4_locatedFull20240508_bot_Eden_test.csv,,,,,,,2:00,2:02,,,,,,,,,,,
20240508,Eden,fronter,,5,12,,6.46,6.46,D:\Eden\dress_exp\7_5_24,D:\Eden\dress_exp\7_5_24\C0773.MP4,D:\Eden\dress_exp\7_5_24\C0773.MP4_locatedFull20240508_bot_Eden_test.csv,,,,,,,0:10,0:12,,,,,,,,,,,
,,fronter,,,,,6.46,6.46,D:\Eden\dress_exp\7_5_24,D:\Eden\dress_exp\7_5_24\C0773.MP4,D:\Eden\dress_exp\7_5_24\C0773.MP4_locatedFull20240508_bot_Eden_test.csv,,,,,,,0:15,0:16,,,,,,,,,,,
,,fronter,,,,,6.46,6.46,D:\Eden\dress_exp\7_5_24,D:\Eden\dress_exp\7_5_24\C0773.MP4,D:\Eden\dress_exp\7_5_24\C0773.MP4_locatedFull20240508_bot_Eden_test.csv,,,,,,,0:21,0:23,,,,,,,,,,,
,,fronter,,,,,6.46,6.46,D:\Eden\dress_exp\7_5_24,D:\Eden\dress_exp\7_5_24\C0773.MP4,D:\Eden\dress_exp\7_5_24\C0773.MP4_locatedFull20240508_bot_Eden_test.csv,,,,,,,0:25,0:27,,,,,,,,,,,
,,fronter,,,,,6.46,6.46,D:\Eden\dress_exp\7_5_24,D:\Eden\dress_exp\7_5_24\C0773.MP4,D:\Eden\dress_exp\7_5_24\C0773.MP4_locatedFull20240508_bot_Eden_test.csv,,,,,,,0:29,0:35,,,,,,,,,,,
,,fronter,,,,,6.46,6.46,D:\Eden\dress_exp\7_5_24,D:\Eden\dress_exp\7_5_24\C0773.MP4,D:\Eden\dress_exp\7_5_24\C0773.MP4_locatedFull20240508_bot_Eden_test.csv,,,,,,,0:35,0:38,,,,,,,,,,,
,,fronter,,,,,6.46,6.46,D:\Eden\dress_exp\7_5_24,D:\Eden\dress_exp\7_5_24\C0773.MP4,D:\Eden\dress_exp\7_5_24\C0773.MP4_locatedFull20240508_bot_Eden_test.csv,,,,,,,0:39,0:41,,,,,,,,,,,
,,fronter,,,,,6.46,6.46,D:\Eden\dress_exp\7_5_24,D:\Eden\dress_exp\7_5_24\C0773.MP4,D:\Eden\dress_exp\7_5_24\C0773.MP4_locatedFull20240508_bot_Eden_test.csv,,,,,,,0:44,0:47,,,,,,,,,,,
,,fronter,,,,,6.46,6.46,D:\Eden\dress_exp\7_5_24,D:\Eden\dress_exp\7_5_24\C0773.MP4,D:\Eden\dress_exp\7_5_24\C0773.MP4_locatedFull20240508_bot_Eden_test.csv,,,,,,,0:49,0:52,,,,,,,,,,,
,,fronter,,,,,6.46,6.46,D:\Eden\dress_exp\7_5_24,D:\Eden\dress_exp\7_5_24\C0773.MP4,D:\Eden\dress_exp\7_5_24\C0773.MP4_locatedFull20240508_bot_Eden_test.csv,,,,,,,0:53,0:56,,,,,,,,,,,
,,fronter,,,,,6.46,6.46,D:\Eden\dress_exp\7_5_24,D:\Eden\dress_exp\7_5_24\C0773.MP4,D:\Eden\dress_exp\7_5_24\C0773.MP4_locatedFull20240508_bot_Eden_test.csv,,,,,,,0:59,1:01,,,,,,,,,,,
,,fronter,,,,,6.46,6.46,D:\Eden\dress_exp\7_5_24,D:\Eden\dress_exp\7_5_24\C0773.MP4,D:\Eden\dress_exp\7_5_24\C0773.MP4_locatedFull20240508_bot_Eden_test.csv,,,,,,,1:03,1:06,,,,,,,,,,,
,,fronter,,,,,6.46,6.46,D:\Eden\dress_exp\7_5_24,D:\Eden\dress_exp\7_5_24\C0773.MP4,D:\Eden\dress_exp\7_5_24\C0773.MP4_locatedFull20240508_bot_Eden_test.csv,,,,,,,1:07,1:09,,,,,,,,,,,
,,fronter,,,,,6.46,6.46,D:\Eden\dress_exp\7_5_24,D:\Eden\dress_exp\7_5_24\C0773.MP4,D:\Eden\dress_exp\7_5_24\C0773.MP4_locatedFull20240508_bot_Eden_test.csv,,,,,,,1:11,1:14,,,,,,,,,,,
,,fronter,,,,,6.46,6.46,D:\Eden\dress_exp\7_5_24,D:\Eden\dress_exp\7_5_24\C0773.MP4,D:\Eden\dress_exp\7_5_24\C0773.MP4_locatedFull20240508_bot_Eden_test.csv,,,,,,,1:16,1:18,,,,,,,,,,,
,,fronter,,,,,6.46,6.46,D:\Eden\dress_exp\7_5_24,D:\Eden\dress_exp\7_5_24\C0773.MP4,D:\Eden\dress_exp\7_5_24\C0773.MP4_locatedFull20240508_bot_Eden_test.csv,,,,,,,1:21,1:23,,,,,,,,,,,
,,fronter,,,,,6.46,6.46,D:\Eden\dress_exp\7_5_24,D:\Eden\dress_exp\7_5_24\C0773.MP4,D:\Eden\dress_exp\7_5_24\C0773.MP4_locatedFull20240508_bot_Eden_test.csv,,,,,,,1:25,1:28,,,,,,,,,,,
20240515,Eden,fronter,,10,11,,19.6,19.6,D:\Eden\dress_exp\15_5_24\fronters,D:\Eden\dress_exp\15_5_24\fronters\C0799.MP4,D:\Eden\dress_exp\15_5_24\fronters\C0799.MP4_locatedFull20240516_bot_Eden_test.csv,,,,,,,0:11,2:09,,,,,,,,,,,
20240515,Eden,fronter,,10,11,,19.6,19.6,D:\Eden\dress_exp\15_5_24\fronters,D:\Eden\dress_exp\15_5_24\fronters\C0800.MP4,D:\Eden\dress_exp\15_5_24\fronters\C0800.MP4_locatedFull20240516_bot_Eden_test.csv,,,,,,,0:17,2:08,,,,,,,,,,,
20240515,Eden,fronter,,10,11,,19.6,19.6,D:\Eden\dress_exp\15_5_24\fronters,D:\Eden\dress_exp\15_5_24\fronters\C0801.MP4,D:\Eden\dress_exp\15_5_24\fronters\C0801.MP4_locatedFull20240516_bot_Eden_test.csv,,,,,,,0:11,1:25,,,,,,,,,,,
,,fronter,,,,,19.6,19.6,D:\Eden\dress_exp\15_5_24\fronters,D:\Eden\dress_exp\15_5_24\fronters\C0801.MP4,D:\Eden\dress_exp\15_5_24\fronters\C0801.MP4_locatedFull20240516_bot_Eden_test.csv,,,,,,,2:18,2:50,,,,,,,,,,,
,,fronter,,,,,19.6,19.6,D:\Eden\dress_exp\15_5_24\fronters,D:\Eden\dress_exp\15_5_24\fronters\C0801.MP4,D:\Eden\dress_exp\15_5_24\fronters\C0801.MP4_locatedFull20240516_bot_Eden_test.csv,,,,,,,2:58,5:23,,,,,,,,,,,
,,fronter,,,,,19.6,19.6,D:\Eden\dress_exp\15_5_24\fronters,D:\Eden\dress_exp\15_5_24\fronters\C0801.MP4,D:\Eden\dress_exp\15_5_24\fronters\C0801.MP4_locatedFull20240516_bot_Eden_test.csv,,,,,,,6:15,8:10,,,,,,,,,,,
20240515,Eden,fronter,,10,11,,23,23,D:\Eden\dress_exp\15_5_24\fronters,D:\Eden\dress_exp\15_5_24\fronters\C0802.MP3,D:\Eden\dress_exp\15_5_24\fronters\C0802.MP4_locatedFull20240516_bot_Eden_test.csv,,,,,,,0:09,2:19,,,,,,,,,,,
20240515,Eden,fronter,,10,11,,23,23,D:\Eden\dress_exp\15_5_24\fronters,D:\Eden\dress_exp\15_5_24\fronters\C0803.MP4,D:\Eden\dress_exp\15_5_24\fronters\C0803.MP4_locatedFull20240516_bot_Eden_test.csv,,,,,,,0:07,2:50,,,,,,,,,,,
,,fronter,,,,,23,23,D:\Eden\dress_exp\15_5_24\fronters,D:\Eden\dress_exp\15_5_24\fronters\C0803.MP4,D:\Eden\dress_exp\15_5_24\fronters\C0803.MP4_locatedFull20240516_bot_Eden_test.csv,,,,,,,2:52,5:40,,,,,,,,,,,
,,fronter,,,,,23,23,D:\Eden\dress_exp\15_5_24\fronters,D:\Eden\dress_exp\15_5_24\fronters\C0803.MP4,D:\Eden\dress_exp\15_5_24\fronters\C0803.MP4_locatedFull20240516_bot_Eden_test.csv,,,,,,,5:45,7:28,,,,,,,,,,,
20240515,Eden,aligner,,1,3,,6.46,6.46,D:\Eden\dress_exp\15_5_24\aligners,D:\Eden\dress_exp\15_5_24\aligners\C0805.MP4,D:\Eden\dress_exp\15_5_24\aligners\C0805.MP4_locatedFull20240516_bot_Eden_test.csv,,,,,,,0:11,0:15,,,,,,,,,,,
,,aligner,,,,,6.46,6.46,D:\Eden\dress_exp\15_5_24\aligners,D:\Eden\dress_exp\15_5_24\aligners\C0805.MP4,D:\Eden\dress_exp\15_5_24\aligners\C0805.MP4_locatedFull20240516_bot_Eden_test.csv,,,,,,,0:16,0:19,,,,,,,,,,,
,,aligner,,,,,6.46,6.46,D:\Eden\dress_exp\15_5_24\aligners,D:\Eden\dress_exp\15_5_24\aligners\C0805.MP4,D:\Eden\dress_exp\15_5_24\aligners\C0805.MP4_locatedFull20240516_bot_Eden_test.csv,,,,,,,0:20,0:22,,,,,,,,,,,
,,aligner,,,,,6.46,6.46,D:\Eden\dress_exp\15_5_24\aligners,D:\Eden\dress_exp\15_5_24\aligners\C0805.MP4,D:\Eden\dress_exp\15_5_24\aligners\C0805.MP4_locatedFull20240516_bot_Eden_test.csv,,,,,,,0:26,0:28,,,,,,,,,,,
,,aligner,,,,,6.46,6.46,D:\Eden\dress_exp\15_5_24\aligners,D:\Eden\dress_exp\15_5_24\aligners\C0805.MP4,D:\Eden\dress_exp\15_5_24\aligners\C0805.MP4_locatedFull20240516_bot_Eden_test.csv,,,,,,,0:32,0:34,,,,,,,,,,,
,,aligner,,,,,6.46,6.46,D:\Eden\dress_exp\15_5_24\aligners,D:\Eden\dress_exp\15_5_24\aligners\C0805.MP4,D:\Eden\dress_exp\15_5_24\aligners\C0805.MP4_locatedFull20240516_bot_Eden_test.csv,,,,,,,0:37,0:40,,,,,,,,,,,
,,aligner,,,,,6.46,6.46,D:\Eden\dress_exp\15_5_24\aligners,D:\Eden\dress_exp\15_5_24\aligners\C0805.MP4,D:\Eden\dress_exp\15_5_24\aligners\C0805.MP4_locatedFull20240516_bot_Eden_test.csv,,,,,,,0:43,0:45,,,,,,,,,,,
,,aligner,,,,,6.46,6.46,D:\Eden\dress_exp\15_5_24\aligners,D:\Eden\dress_exp\15_5_24\aligners\C0805.MP4,D:\Eden\dress_exp\15_5_24\aligners\C0805.MP4_locatedFull20240516_bot_Eden_test.csv,,,,,,,0:51,0:53,,,,,,,,,,,
,,aligner,,,,,6.46,6.46,D:\Eden\dress_exp\15_5_24\aligners,D:\Eden\dress_exp\15_5_24\aligners\C0805.MP4,D:\Eden\dress_exp\15_5_24\aligners\C0805.MP4_locatedFull20240516_bot_Eden_test.csv,,,,,,,0:57,0:58,,,,,,,,,,,
,,aligner,,,,,6.46,6.46,D:\Eden\dress_exp\15_5_24\aligners,D:\Eden\dress_exp\15_5_24\aligners\C0805.MP4,D:\Eden\dress_exp\15_5_24\aligners\C0805.MP4_locatedFull20240516_bot_Eden_test.csv,,,,,,,1:02,1:04,,,,,,,,,,,
,,aligner,,,,,6.46,6.46,D:\Eden\dress_exp\15_5_24\aligners,D:\Eden\dress_exp\15_5_24\aligners\C0805.MP4,D:\Eden\dress_exp\15_5_24\aligners\C0805.MP4_locatedFull20240516_bot_Eden_test.csv,,,,,,,1:07,1:09,,,,,,,,,,,
,,aligner,,,,,6.46,6.46,D:\Eden\dress_exp\15_5_24\aligners,D:\Eden\dress_exp\15_5_24\aligners\C0805.MP4,D:\Eden\dress_exp\15_5_24\aligners\C0805.MP4_locatedFull20240516_bot_Eden_test.csv,,,,,,,1:12,1:16,,,,,,,,,,,
,,aligner,,,,,6.46,6.46,D:\Eden\dress_exp\15_5_24\aligners,D:\Eden\dress_exp\15_5_24\aligners\C0805.MP4,D:\Eden\dress_exp\15_5_24\aligners\C0805.MP4_locatedFull20240516_bot_Eden_test.csv,,,,,,,1:18,1:21,,,,,,,,,,,
20240515,Eden,aligner,,1,3,,9.78,9.78,D:\Eden\dress_exp\15_5_24\aligners,D:\Eden\dress_exp\15_5_24\aligners\C0806.MP4,D:\Eden\dress_exp\15_5_24\aligners\C0806.MP4_locatedFull20240516_bot_Eden_test.csv,,,,,,,0:10,0:11,,,,,,,,,,,
,,aligner,,,,,9.78,9.78,D:\Eden\dress_exp\15_5_24\aligners,D:\Eden\dress_exp\15_5_24\aligners\C0806.MP4,D:\Eden\dress_exp\15_5_24\aligners\C0806.MP4_locatedFull20240516_bot_Eden_test.csv,,,,,,,0:15,0:17,,,,,,,,,,,
,,aligner,,,,,9.78,9.78,D:\Eden\dress_exp\15_5_24\aligners,D:\Eden\dress_exp\15_5_24\aligners\C0806.MP4,D:\Eden\dress_exp\15_5_24\aligners\C0806.MP4_locatedFull20240516_bot_Eden_test.csv,,,,,,,0:22,0:24,,,,,,,,,,,
,,aligner,,,,,9.78,9.78,D:\Eden\dress_exp\15_5_24\aligners,D:\Eden\dress_exp\15_5_24\aligners\C0806.MP4,D:\Eden\dress_exp\15_5_24\aligners\C0806.MP4_locatedFull20240516_bot_Eden_test.csv,,,,,,,0:29,0:31,,,,,,,,,,,
,,aligner,,,,,9.78,9.78,D:\Eden\dress_exp\15_5_24\aligners,D:\Eden\dress_exp\15_5_24\aligners\C0806.MP4,D:\Eden\dress_exp\15_5_24\aligners\C0806.MP4_locatedFull20240516_bot_Eden_test.csv,,,,,,,0:37,0:39,,,,,,,,,,,
,,aligner,,,,,9.78,9.78,D:\Eden\dress_exp\15_5_24\aligners,D:\Eden\dress_exp\15_5_24\aligners\C0806.MP4,D:\Eden\dress_exp\15_5_24\aligners\C0806.MP4_locatedFull20240516_bot_Eden_test.csv,,,,,,,0:43,0:46,,,,,,,,,,,
,,aligner,,,,,9.78,9.78,D:\Eden\dress_exp\15_5_24\aligners,D:\Eden\dress_exp\15_5_24\aligners\C0806.MP4,D:\Eden\dress_exp\15_5_24\aligners\C0806.MP4_locatedFull20240516_bot_Eden_test.csv,,,,,,,0:52,0:55,,,,,,,,,,,
,,aligner,,,,,9.78,9.78,D:\Eden\dress_exp\15_5_24\aligners,D:\Eden\dress_exp\15_5_24\aligners\C0806.MP4,D:\Eden\dress_exp\15_5_24\aligners\C0806.MP4_locatedFull20240516_bot_Eden_test.csv,,,,,,,1:01,1:03,,,,,,,,,,,
,,aligner,,,,,9.78,9.78,D:\Eden\dress_exp\15_5_24\aligners,D:\Eden\dress_exp\15_5_24\aligners\C0806.MP4,D:\Eden\dress_exp\15_5_24\aligners\C0806.MP4_locatedFull20240516_bot_Eden_test.csv,,,,,,,1:09,1:11,,,,,,,,,,,
,,aligner,,,,,9.78,9.78,D:\Eden\dress_exp\15_5_24\aligners,D:\Eden\dress_exp\15_5_24\aligners\C0806.MP4,D:\Eden\dress_exp\15_5_24\aligners\C0806.MP4_locatedFull20240516_bot_Eden_test.csv,,,,,,,1:20,1:22,,,,,,,,,,,
,,aligner,,,,,9.78,9.78,D:\Eden\dress_exp\15_5_24\aligners,D:\Eden\dress_exp\15_5_24\aligners\C0806.MP4,D:\Eden\dress_exp\15_5_24\aligners\C0806.MP4_locatedFull20240516_bot_Eden_test.csv,,,,,,,1:29,1:31,,,,,,,,,,,
,,aligner,,,,,9.78,9.78,D:\Eden\dress_exp\15_5_24\aligners,D:\Eden\dress_exp\15_5_24\aligners\C0806.MP4,D:\Eden\dress_exp\15_5_24\aligners\C0806.MP4_locatedFull20240516_bot_Eden_test.csv,,,,,,,1:36,1:40,,,,,,,,,,,
,,aligner,,,,,9.78,9.78,D:\Eden\dress_exp\15_5_24\aligners,D:\Eden\dress_exp\15_5_24\aligners\C0806.MP4,D:\Eden\dress_exp\15_5_24\aligners\C0806.MP4_locatedFull20240516_bot_Eden_test.csv,,,,,,,1:45,1:48,,,,,,,,,,,
,,aligner,,,,,9.78,9.78,D:\Eden\dress_exp\15_5_24\aligners,D:\Eden\dress_exp\15_5_24\aligners\C0806.MP4,D:\Eden\dress_exp\15_5_24\aligners\C0806.MP4_locatedFull20240516_bot_Eden_test.csv,,,,,,,1:55,1:57,,,,,,,,,,,
,,aligner,,,,,9.78,9.78,D:\Eden\dress_exp\15_5_24\aligners,D:\Eden\dress_exp\15_5_24\aligners\C0806.MP4,D:\Eden\dress_exp\15_5_24\aligners\C0806.MP4_locatedFull20240516_bot_Eden_test.csv,,,,,,,2:02,2:04,,,,,,,,,,,
20240515,Eden,aligner,,1,3,,11.44,11.44,D:\Eden\dress_exp\15_5_24\aligners,D:\Eden\dress_exp\15_5_24\aligners\C0807.MP4,D:\Eden\dress_exp\15_5_24\aligners\C0807.MP4_locatedFull20240516_bot_Eden_test.csv,,,,,,,0:21,0:24,,,,,,,,,,,
,,aligner,,,,,11.44,11.44,D:\Eden\dress_exp\15_5_24\aligners,D:\Eden\dress_exp\15_5_24\aligners\C0807.MP4,D:\Eden\dress_exp\15_5_24\aligners\C0807.MP4_locatedFull20240516_bot_Eden_test.csv,,,,,,,0:27,0:32,,,,,,,,,,,
,,aligner,,,,,11.44,11.44,D:\Eden\dress_exp\15_5_24\aligners,D:\Eden\dress_exp\15_5_24\aligners\C0807.MP4,D:\Eden\dress_exp\15_5_24\aligners\C0807.MP4_locatedFull20240516_bot_Eden_test.csv,,,,,,,0:35,0:38,,,,,,,,,,,
,,aligner,,,,,11.44,11.44,D:\Eden\dress_exp\15_5_24\aligners,D:\Eden\dress_exp\15_5_24\aligners\C0807.MP4,D:\Eden\dress_exp\15_5_24\aligners\C0807.MP4_locatedFull20240516_bot_Eden_test.csv,,,,,,,0:42,0:46,,,,,,,,,,,
,,aligner,,,,,11.44,11.44,D:\Eden\dress_exp\15_5_24\aligners,D:\Eden\dress_exp\15_5_24\aligners\C0807.MP4,D:\Eden\dress_exp\15_5_24\aligners\C0807.MP4_locatedFull20240516_bot_Eden_test.csv,,,,,,,0:54,0:55,,,,,,,,,,,
,,aligner,,,,,11.44,11.44,D:\Eden\dress_exp\15_5_24\aligners,D:\Eden\dress_exp\15_5_24\aligners\C0807.MP4,D:\Eden\dress_exp\15_5_24\aligners\C0807.MP4_locatedFull20240516_bot_Eden_test.csv,,,,,,,1:02,1:04,,,,,,,,,,,
,,aligner,,,,,11.44,11.44,D:\Eden\dress_exp\15_5_24\aligners,D:\Eden\dress_exp\15_5_24\aligners\C0807.MP4,D:\Eden\dress_exp\15_5_24\aligners\C0807.MP4_locatedFull20240516_bot_Eden_test.csv,,,,,,,1:11,1:13,,,,,,,,,,,
,,aligner,,,,,11.44,11.44,D:\Eden\dress_exp\15_5_24\aligners,D:\Eden\dress_exp\15_5_24\aligners\C0807.MP4,D:\Eden\dress_exp\15_5_24\aligners\C0807.MP4_locatedFull20240516_bot_Eden_test.csv,,,,,,,1:18,1:20,,,,,,,,,,,
,,aligner,,,,,11.44,11.44,D:\Eden\dress_exp\15_5_24\aligners,D:\Eden\dress_exp\15_5_24\aligners\C0807.MP4,D:\Eden\dress_exp\15_5_24\aligners\C0807.MP4_locatedFull20240516_bot_Eden_test.csv,,,,,,,1:28,1:30,,,,,,,,,,,
,,aligner,,,,,11.44,11.44,D:\Eden\dress_exp\15_5_24\aligners,D:\Eden\dress_exp\15_5_24\aligners\C0807.MP4,D:\Eden\dress_exp\15_5_24\aligners\C0807.MP4_locatedFull20240516_bot_Eden_test.csv,,,,,,,1:36,1:39,,,,,,,,,,,
,,aligner,,,,,11.44,11.44,D:\Eden\dress_exp\15_5_24\aligners,D:\Eden\dress_exp\15_5_24\aligners\C0807.MP4,D:\Eden\dress_exp\15_5_24\aligners\C0807.MP4_locatedFull20240516_bot_Eden_test.csv,,,,,,,1:45,1:53,,,,,,,,,,,
,,aligner,,,,,11.44,11.44,D:\Eden\dress_exp\15_5_24\aligners,D:\Eden\dress_exp\15_5_24\aligners\C0807.MP4,D:\Eden\dress_exp\15_5_24\aligners\C0807.MP4_locatedFull20240516_bot_Eden_test.csv,,,,,,,1:57,2:01,,,,,,,,,,,
,,aligner,,,,,11.44,11.44,D:\Eden\dress_exp\15_5_24\aligners,D:\Eden\dress_exp\15_5_24\aligners\C0807.MP4,D:\Eden\dress_exp\15_5_24\aligners\C0807.MP4_locatedFull20240516_bot_Eden_test.csv,,,,,,,2:06,2:08,,,,,,,,,,,
,,aligner,,,,,11.44,11.44,D:\Eden\dress_exp\15_5_24\aligners,D:\Eden\dress_exp\15_5_24\aligners\C0807.MP4,D:\Eden\dress_exp\15_5_24\aligners\C0807.MP4_locatedFull20240516_bot_Eden_test.csv,,,,,,,2:13,2:17,,,,,,,,,,,
,,aligner,,,,,11.44,11.44,D:\Eden\dress_exp\15_5_24\aligners,D:\Eden\dress_exp\15_5_24\aligners\C0807.MP4,D:\Eden\dress_exp\15_5_24\aligners\C0807.MP4_locatedFull20240516_bot_Eden_test.csv,,,,,,,2:24,2:27,,,,,,,,,,,
20240515,Eden,aligner,,1,3,,13.1,13.1,D:\Eden\dress_exp\15_5_24\aligners,D:\Eden\dress_exp\15_5_24\aligners\C0808.MP4,D:\Eden\dress_exp\15_5_24\aligners\C0808.MP4_locatedFull20240516_bot_Eden_test.csv,,,,,,,0:11,0:15,,,,,,,,,,,
,,aligner,,,,,13.1,13.1,D:\Eden\dress_exp\15_5_24\aligners,D:\Eden\dress_exp\15_5_24\aligners\C0808.MP4,D:\Eden\dress_exp\15_5_24\aligners\C0808.MP4_locatedFull20240516_bot_Eden_test.csv,,,,,,,0:21,0:26,,,,,,,,,,,
,,aligner,,,,,13.1,13.1,D:\Eden\dress_exp\15_5_24\aligners,D:\Eden\dress_exp\15_5_24\aligners\C0808.MP4,D:\Eden\dress_exp\15_5_24\aligners\C0808.MP4_locatedFull20240516_bot_Eden_test.csv,,,,,,,0:31,0:38,,,,,,,,,,,
,,aligner,,,,,13.1,13.1,D:\Eden\dress_exp\15_5_24\aligners,D:\Eden\dress_exp\15_5_24\aligners\C0808.MP4,D:\Eden\dress_exp\15_5_24\aligners\C0808.MP4_locatedFull20240516_bot_Eden_test.csv,,,,,,,0:44,0:47,,,,,,,,,,,
,,aligner,,,,,13.1,13.1,D:\Eden\dress_exp\15_5_24\aligners,D:\Eden\dress_exp\15_5_24\aligners\C0808.MP4,D:\Eden\dress_exp\15_5_24\aligners\C0808.MP4_locatedFull20240516_bot_Eden_test.csv,,,,,,,0:53,0:56,,,,,,,,,,,
,,aligner,,,,,13.1,13.1,D:\Eden\dress_exp\15_5_24\aligners,D:\Eden\dress_exp\15_5_24\aligners\C0808.MP4,D:\Eden\dress_exp\15_5_24\aligners\C0808.MP4_locatedFull20240516_bot_Eden_test.csv,,,,,,,1:04,1:10,,,,,,,,,,,
,,aligner,,,,,13.1,13.1,D:\Eden\dress_exp\15_5_24\aligners,D:\Eden\dress_exp\15_5_24\aligners\C0808.MP4,D:\Eden\dress_exp\15_5_24\aligners\C0808.MP4_locatedFull20240516_bot_Eden_test.csv,,,,,,,1:17,1:22,,,,,,,,,,,
,,aligner,,,,,13.1,13.1,D:\Eden\dress_exp\15_5_24\aligners,D:\Eden\dress_exp\15_5_24\aligners\C0808.MP4,D:\Eden\dress_exp\15_5_24\aligners\C0808.MP4_locatedFull20240516_bot_Eden_test.csv,,,,,,,1:29,1:33,,,,,,,,,,,
,,aligner,,,,,13.1,13.1,D:\Eden\dress_exp\15_5_24\aligners,D:\Eden\dress_exp\15_5_24\aligners\C0808.MP4,D:\Eden\dress_exp\15_5_24\aligners\C0808.MP4_locatedFull20240516_bot_Eden_test.csv,,,,,,,1:40,1:43,,,,,,,,,,,
,,aligner,,,,,13.1,13.1,D:\Eden\dress_exp\15_5_24\aligners,D:\Eden\dress_exp\15_5_24\aligners\C0808.MP4,D:\Eden\dress_exp\15_5_24\aligners\C0808.MP4_locatedFull20240516_bot_Eden_test.csv,,,,,,,1:48,1:52,,,,,,,,,,,
,,aligner,,,,,13.1,13.1,D:\Eden\dress_exp\15_5_24\aligners,D:\Eden\dress_exp\15_5_24\aligners\C0808.MP4,D:\Eden\dress_exp\15_5_24\aligners\C0808.MP4_locatedFull20240516_bot_Eden_test.csv,,,,,,,1:58,2:01,,,,,,,,,,,
,,aligner,,,,,13.1,13.1,D:\Eden\dress_exp\15_5_24\aligners,D:\Eden\dress_exp\15_5_24\aligners\C0808.MP4,D:\Eden\dress_exp\15_5_24\aligners\C0808.MP4_locatedFull20240516_bot_Eden_test.csv,,,,,,,2:07,2:10,,,,,,,,,,,
,,aligner,,,,,13.1,13.1,D:\Eden\dress_exp\15_5_24\aligners,D:\Eden\dress_exp\15_5_24\aligners\C0808.MP4,D:\Eden\dress_exp\15_5_24\aligners\C0808.MP4_locatedFull20240516_bot_Eden_test.csv,,,,,,,2:17,2:21,,,,,,,,,,,
,,aligner,,,,,13.1,13.1,D:\Eden\dress_exp\15_5_24\aligners,D:\Eden\dress_exp\15_5_24\aligners\C0808.MP4,D:\Eden\dress_exp\15_5_24\aligners\C0808.MP4_locatedFull20240516_bot_Eden_test.csv,,,,,,,2:26,2:31,,,,,,,,,,,
,,aligner,,,,,13.1,13.1,D:\Eden\dress_exp\15_5_24\aligners,D:\Eden\dress_exp\15_5_24\aligners\C0808.MP4,D:\Eden\dress_exp\15_5_24\aligners\C0808.MP4_locatedFull20240516_bot_Eden_test.csv,,,,,,,2:36,2:40,,,,,,,,,,,
20240515,Eden,aligner,,1,3,,19.6,19.6,D:\Eden\dress_exp\15_5_24\aligners,D:\Eden\dress_exp\15_5_24\aligners\C0809.MP4,D:\Eden\dress_exp\15_5_24\aligners\C0809.MP4_locatedFull20240516_bot_Eden_test.csv,,,,,,,0:10,0:15,,,,,,,,,,,
,,aligner,,,,,19.6,19.6,D:\Eden\dress_exp\15_5_24\aligners,D:\Eden\dress_exp\15_5_24\aligners\C0809.MP4,D:\Eden\dress_exp\15_5_24\aligners\C0809.MP4_locatedFull20240516_bot_Eden_test.csv,,,,,,,0:21,0:26,,,,,,,,,,,
,,aligner,,,,,19.6,19.6,D:\Eden\dress_exp\15_5_24\aligners,D:\Eden\dress_exp\15_5_24\aligners\C0809.MP4,D:\Eden\dress_exp\15_5_24\aligners\C0809.MP4_locatedFull20240516_bot_Eden_test.csv,,,,,,,0:32,0:37,,,,,,,,,,,
,,aligner,,,,,19.6,19.6,D:\Eden\dress_exp\15_5_24\aligners,D:\Eden\dress_exp\15_5_24\aligners\C0809.MP4,D:\Eden\dress_exp\15_5_24\aligners\C0809.MP4_locatedFull20240516_bot_Eden_test.csv,,,,,,,0:43,0:49,,,,,,,,,,,
,,aligner,,,,,19.6,19.6,D:\Eden\dress_exp\15_5_24\aligners,D:\Eden\dress_exp\15_5_24\aligners\C0809.MP4,D:\Eden\dress_exp\15_5_24\aligners\C0809.MP4_locatedFull20240516_bot_Eden_test.csv,,,,,,,0:58,1:03,,,,,,,,,,,
,,aligner,,,,,19.6,19.6,D:\Eden\dress_exp\15_5_24\aligners,D:\Eden\dress_exp\15_5_24\aligners\C0809.MP4,D:\Eden\dress_exp\15_5_24\aligners\C0809.MP4_locatedFull20240516_bot_Eden_test.csv,,,,,,,1:12,1:15,,,,,,,,,,,
,,aligner,,,,,19.6,19.6,D:\Eden\dress_exp\15_5_24\aligners,D:\Eden\dress_exp\15_5_24\aligners\C0809.MP4,D:\Eden\dress_exp\15_5_24\aligners\C0809.MP4_locatedFull20240516_bot_Eden_test.csv,,,,,,,1:21,1:23,,,,,,,,,,,
,,aligner,,,,,19.6,19.6,D:\Eden\dress_exp\15_5_24\aligners,D:\Eden\dress_exp\15_5_24\aligners\C0809.MP4,D:\Eden\dress_exp\15_5_24\aligners\C0809.MP4_locatedFull20240516_bot_Eden_test.csv,,,,,,,1:33,1:36,,,,,,,,,,,
,,aligner,,,,,19.6,19.6,D:\Eden\dress_exp\15_5_24\aligners,D:\Eden\dress_exp\15_5_24\aligners\C0809.MP4,D:\Eden\dress_exp\15_5_24\aligners\C0809.MP4_locatedFull20240516_bot_Eden_test.csv,,,,,,,1:43,1:47,,,,,,,,,,,
,,aligner,,,,,19.6,19.6,D:\Eden\dress_exp\15_5_24\aligners,D:\Eden\dress_exp\15_5_24\aligners\C0809.MP4,D:\Eden\dress_exp\15_5_24\aligners\C0809.MP4_locatedFull20240516_bot_Eden_test.csv,,,,,,,1:54,1:57,,,,,,,,,,,
,,aligner,,,,,19.6,19.6,D:\Eden\dress_exp\15_5_24\aligners,D:\Eden\dress_exp\15_5_24\aligners\C0809.MP4,D:\Eden\dress_exp\15_5_24\aligners\C0809.MP4_locatedFull20240516_bot_Eden_test.csv,,,,,,,2:04,2:06,,,,,,,,,,,
,,aligner,,,,,19.6,19.6,D:\Eden\dress_exp\15_5_24\aligners,D:\Eden\dress_exp\15_5_24\aligners\C0809.MP4,D:\Eden\dress_exp\15_5_24\aligners\C0809.MP4_locatedFull20240516_bot_Eden_test.csv,,,,,,,2:26,2:29,,,,,,,,,,,
,,aligner,,,,,19.6,19.6,D:\Eden\dress_exp\15_5_24\aligners,D:\Eden\dress_exp\15_5_24\aligners\C0809.MP4,D:\Eden\dress_exp\15_5_24\aligners\C0809.MP4_locatedFull20240516_bot_Eden_test.csv,,,,,,,2:36,2:38,,,,,,,,,,,
,,aligner,,,,,19.6,19.6,D:\Eden\dress_exp\15_5_24\aligners,D:\Eden\dress_exp\15_5_24\aligners\C0809.MP4,D:\Eden\dress_exp\15_5_24\aligners\C0809.MP4_locatedFull20240516_bot_Eden_test.csv,,,,,,,2:46,2:48,,,,,,,,,,,
20240515,Eden,aligner,,1,3,,23,23,D:\Eden\dress_exp\16_5_24_aligners,D:\Eden\dress_exp\16_5_24_aligners\C0810.MP4,D:\Eden\dress_exp\16_5_24_aligners\C0810.MP4_locatedFull20240526_bot_Eden_test.csv,,,,,,,0:10,0:23,,,,,,,,,,,
,,aligner,,,,,23,23,D:\Eden\dress_exp\16_5_24_aligners,D:\Eden\dress_exp\16_5_24_aligners\C0810.MP4,D:\Eden\dress_exp\16_5_24_aligners\C0810.MP4_locatedFull20240526_bot_Eden_test.csv,,,,,,,0:29,0:43,,,,,,,,,,,
,,aligner,,,,,23,23,D:\Eden\dress_exp\16_5_24_aligners,D:\Eden\dress_exp\16_5_24_aligners\C0810.MP4,D:\Eden\dress_exp\16_5_24_aligners\C0810.MP4_locatedFull20240526_bot_Eden_test.csv,,,,,,,0:50,1:29,,,,,,,,,,,
,,aligner,,,,,23,23,D:\Eden\dress_exp\16_5_24_aligners,D:\Eden\dress_exp\16_5_24_aligners\C0811.MP4,D:\Eden\dress_exp\16_5_24_aligners\C0811.MP4_locatedFull20240526_bot_Eden_test.csv,,,,,,,0:12,0:27,,,,,,,,,,,
,,aligner,,,,,23,23,D:\Eden\dress_exp\16_5_24_aligners,D:\Eden\dress_exp\16_5_24_aligners\C0811.MP4,D:\Eden\dress_exp\16_5_24_aligners\C0811.MP4_locatedFull20240526_bot_Eden_test.csv,,,,,,,0:59,1:14,,,,,,,,,,,
,,aligner,,,,,23,23,D:\Eden\dress_exp\16_5_24_aligners,D:\Eden\dress_exp\16_5_24_aligners\C0812.MP4,D:\Eden\dress_exp\16_5_24_aligners\C0812.MP4_locatedFull20240526_bot_Eden_test.csv,,,,,,,0:10,0:17,,,,,,,,,,,
,,aligner,,,,,23,23,D:\Eden\dress_exp\16_5_24_aligners,D:\Eden\dress_exp\16_5_24_aligners\C0812.MP4,D:\Eden\dress_exp\16_5_24_aligners\C0812.MP4_locatedFull20240526_bot_Eden_test.csv,,,,,,,0:24,0:37,,,,,,,,,,,
,,aligner,,,,,23,23,D:\Eden\dress_exp\16_5_24_aligners,D:\Eden\dress_exp\16_5_24_aligners\C0812.MP4,D:\Eden\dress_exp\16_5_24_aligners\C0812.MP4_locatedFull20240526_bot_Eden_test.csv,,,,,,,0:43,0:50,,,,,,,,,,,
,,aligner,,,,,23,23,D:\Eden\dress_exp\16_5_24_aligners,D:\Eden\dress_exp\16_5_24_aligners\C0812.MP4,D:\Eden\dress_exp\16_5_24_aligners\C0812.MP4_locatedFull20240526_bot_Eden_test.csv,,,,,,,0:55,1:19,,,,,,,,,,,
,,aligner,,,,,23,23,D:\Eden\dress_exp\16_5_24_aligners,D:\Eden\dress_exp\16_5_24_aligners\C0812.MP4,D:\Eden\dress_exp\16_5_24_aligners\C0812.MP4_locatedFull20240526_bot_Eden_test.csv,,,,,,,1:25,1:47,,,,,,,,,,,
,,aligner,,,,,23,23,D:\Eden\dress_exp\16_5_24_aligners,D:\Eden\dress_exp\16_5_24_aligners\C0812.MP4,D:\Eden\dress_exp\16_5_24_aligners\C0812.MP4_locatedFull20240526_bot_Eden_test.csv,,,,,,,1:50,1:53,,,,,,,,,,,
,,aligner,,,,,23,23,D:\Eden\dress_exp\16_5_24_aligners,D:\Eden\dress_exp\16_5_24_aligners\C0812.MP4,D:\Eden\dress_exp\16_5_24_aligners\C0812.MP4_locatedFull20240526_bot_Eden_test.csv,,,,,,,2:00,2:04,,,,,,,,,,,
,,aligner,,,,,23,23,D:\Eden\dress_exp\16_5_24_aligners,D:\Eden\dress_exp\16_5_24_aligners\C0812.MP4,D:\Eden\dress_exp\16_5_24_aligners\C0812.MP4_locatedFull20240526_bot_Eden_test.csv,,,,,,,2:28,2:36,,,,,,,,,,,
,,aligner,,,,,23,23,D:\Eden\dress_exp\16_5_24_aligners,D:\Eden\dress_exp\16_5_24_aligners\C0812.MP4,D:\Eden\dress_exp\16_5_24_aligners\C0812.MP4_locatedFull20240526_bot_Eden_test.csv,,,,,,,2:41,3:06,,,,,,,,,,,
,,aligner,,,,,23,23,D:\Eden\dress_exp\16_5_24_aligners,D:\Eden\dress_exp\16_5_24_aligners\C0812.MP4,D:\Eden\dress_exp\16_5_24_aligners\C0812.MP4_locatedFull20240526_bot_Eden_test.csv,,,,,,,3:11,3:18,,,,,,,,,,,
,,aligner,,,,,23,23,D:\Eden\dress_exp\16_5_24_aligners,D:\Eden\dress_exp\16_5_24_aligners\C0812.MP4,D:\Eden\dress_exp\16_5_24_aligners\C0812.MP4_locatedFull20240526_bot_Eden_test.csv,,,,,,,3:23,3:32,,,,,,,,,,,
,,aligner,,,,,23,23,D:\Eden\dress_exp\16_5_24_aligners,D:\Eden\dress_exp\16_5_24_aligners\C0812.MP4,D:\Eden\dress_exp\16_5_24_aligners\C0812.MP4_locatedFull20240526_bot_Eden_test.csv,,,,,,,3:41,3:53,,,,,,,,,,,
,,aligner,,,,,23,23,D:\Eden\dress_exp\16_5_24_aligners,D:\Eden\dress_exp\16_5_24_aligners\C0812.MP4,D:\Eden\dress_exp\16_5_24_aligners\C0812.MP4_locatedFull20240526_bot_Eden_test.csv,,,,,,,4:03,4:10,,,,,,,,,,,
,,aligner,,,,,23,23,D:\Eden\dress_exp\16_5_24_aligners,D:\Eden\dress_exp\16_5_24_aligners\C0812.MP4,D:\Eden\dress_exp\16_5_24_aligners\C0812.MP4_locatedFull20240526_bot_Eden_test.csv,,,,,,,4:17,4:50,,,,,,,,,,,
,,aligner,,,,,23,23,D:\Eden\dress_exp\16_5_24_aligners,D:\Eden\dress_exp\16_5_24_aligners\C0812.MP4,D:\Eden\dress_exp\16_5_24_aligners\C0812.MP4_locatedFull20240526_bot_Eden_test.csv,,,,,,,7:06,7:09,,,,,,,,,,,
,,aligner,,,,,23,23,D:\Eden\dress_exp\16_5_24_aligners,D:\Eden\dress_exp\16_5_24_aligners\C0812.MP4,D:\Eden\dress_exp\16_5_24_aligners\C0812.MP4_locatedFull20240526_bot_Eden_test.csv,,,,,,,7:15,7:26,,,,,,,,,,,
,,aligner,,,,,23,23,D:\Eden\dress_exp\16_5_24_aligners,D:\Eden\dress_exp\16_5_24_aligners\C0812.MP4,D:\Eden\dress_exp\16_5_24_aligners\C0812.MP4_locatedFull20240526_bot_Eden_test.csv,,,,,,,7:30,7:38,,,,,,,,,,,
,,aligner,,,,,23,23,D:\Eden\dress_exp\16_5_24_aligners,D:\Eden\dress_exp\16_5_24_aligners\C0812.MP4,D:\Eden\dress_exp\16_5_24_aligners\C0812.MP4_locatedFull20240526_bot_Eden_test.csv,,,,,,,7:44,8:02,,,,,,,,,,,
,,aligner,,,,,23,23,D:\Eden\dress_exp\16_5_24_aligners,D:\Eden\dress_exp\16_5_24_aligners\C0812.MP4,D:\Eden\dress_exp\16_5_24_aligners\C0812.MP4_locatedFull20240526_bot_Eden_test.csv,,,,,,,8:07,8:15,,,,,,,,,,,
,,aligner,,,,,23,23,D:\Eden\dress_exp\16_5_24_aligners,D:\Eden\dress_exp\16_5_24_aligners\C0812.MP4,D:\Eden\dress_exp\16_5_24_aligners\C0812.MP4_locatedFull20240526_bot_Eden_test.csv,,,,,,,8:18,8:24,,,,,,,,,,,
20240528,,fronter,,10,12,,23,23,D:\Eden\dress_exp\28_5_24,D:\Eden\dress_exp\28_5_24\C0817.MP4,D:\Eden\dress_exp\28_5_24\C0817.MP4_locatedFull20240526_bot_Eden_test.csv,,,,,,,0:17,12:37,,,,,,,,,,,
,,fronter,,,,,23,23,D:\Eden\dress_exp\28_5_24,D:\Eden\dress_exp\28_5_24\C0817.MP4,D:\Eden\dress_exp\28_5_24\C0817.MP4_locatedFull20240526_bot_Eden_test.csv,,,,,,,12:40,13:29,,,,,,,,,,,
,,fronter,,,,,23,23,D:\Eden\dress_exp\28_5_24,D:\Eden\dress_exp\28_5_24\C0817.MP4,D:\Eden\dress_exp\28_5_24\C0817.MP4_locatedFull20240526_bot_Eden_test.csv,,,,,,,13:35,14:12,,,,,,,,,,,
,,fronter,,,,,23,23,D:\Eden\dress_exp\28_5_24,D:\Eden\dress_exp\28_5_24\C0817.MP4,D:\Eden\dress_exp\28_5_24\C0817.MP4_locatedFull20240526_bot_Eden_test.csv,,,,,,,14:19,24:24:00,,,,,,,,,,,
,,fronter,,,,,23,23,D:\Eden\dress_exp\28_5_24,D:\Eden\dress_exp\28_5_24\C0817.MP4,D:\Eden\dress_exp\28_5_24\C0817.MP4_locatedFull20240526_bot_Eden_test.csv,,,,,,,24:36:00,32:46:00,,,,,,,,,,,
,,fronter,,,,,23,23,D:\Eden\dress_exp\28_5_24,D:\Eden\dress_exp\28_5_24\C0818.MP4,D:\Eden\dress_exp\28_5_24\C0818.MP4_locatedFull20240526_bot_Eden_test.csv,,,,,,,0:46,9:30,,,,,,,,,,,
,,fronter,,,,,23,23,D:\Eden\dress_exp\28_5_24,D:\Eden\dress_exp\28_5_24\C0820.MP4,D:\Eden\dress_exp\28_5_24\C0820.MP4_locatedFull20240526_bot_Eden_test.csv,,,,,,,0:08,4:04,,,,,,,,,,,
,,fronter,,,,,23,23,D:\Eden\dress_exp\28_5_24,D:\Eden\dress_exp\28_5_24\C0821.MP4,D:\Eden\dress_exp\28_5_24\C0821.MP4_locatedFull20240526_bot_Eden_test.csv,,,,,,,0:04,2:09,,,,,,,,,,,
,,fronter,,,,,23,23,D:\Eden\dress_exp\28_5_24,D:\Eden\dress_exp\28_5_24\C0821.MP4,D:\Eden\dress_exp\28_5_24\C0821.MP4_locatedFull20240526_bot_Eden_test.csv,,,,,,,2:26,2:43,,,,,,,,,,,
,,fronter,,,,,23,23,D:\Eden\dress_exp\28_5_24,D:\Eden\dress_exp\28_5_24\C0822.MP4,D:\Eden\dress_exp\28_5_24\C0822.MP4_locatedFull20240526_bot_Eden_test.csv,,,,,,,0:56,1:31,,,,,,,,,,,
,,fronter,,,,,19.6,19.6,D:\Eden\dress_exp\28_5_24,D:\Eden\dress_exp\28_5_24\C0823.MP4,D:\Eden\dress_exp\28_5_24\C0823.MP4_locatedFull20240602_bot_Eden_test.csv,,,,,,,0:07,13:55,,,,,,,,,,,
,,fronter,,,,,19.6,19.6,D:\Eden\dress_exp\28_5_24,D:\Eden\dress_exp\28_5_24\C0824.MP4,D:\Eden\dress_exp\28_5_24\C0824.MP4_locatedFull20240526_bot_Eden_test.csv,,,,,,,0:31,2:22,,,,,,,,,,,
,,fronter,,,,,19.6,19.6,D:\Eden\dress_exp\28_5_24,D:\Eden\dress_exp\28_5_24\C0824.MP4,D:\Eden\dress_exp\28_5_24\C0824.MP4_locatedFull20240526_bot_Eden_test.csv,,,,,,,2:43,6:51,,,,,,,,,,,
,,fronter,,,,,19.6,19.6,D:\Eden\dress_exp\28_5_24,D:\Eden\dress_exp\28_5_24\C0825.MP4,D:\Eden\dress_exp\28_5_24\C0825.MP4_locatedFull20240526_bot_Eden_test.csv,,,,,,,0:41,1:05,,,,,,,,,,,
,,fronter,,,,,19.6,19.6,D:\Eden\dress_exp\28_5_24,D:\Eden\dress_exp\28_5_24\C0825.MP4,D:\Eden\dress_exp\28_5_24\C0825.MP4_locatedFull20240526_bot_Eden_test.csv,,,,,,,1:11,2:28,,,,,,,,,,,
,,fronter,,,,,19.6,19.6,D:\Eden\dress_exp\28_5_24,D:\Eden\dress_exp\28_5_24\C0826.MP4,D:\Eden\dress_exp\28_5_24\C0826.MP4_locatedFull20240526_bot_Eden_test.csv,,,,,,,0:08,1:01,,,,,,,,,,,
,,fronter,,,,,19.6,19.6,D:\Eden\dress_exp\28_5_24,D:\Eden\dress_exp\28_5_24\C0826.MP4,D:\Eden\dress_exp\28_5_24\C0826.MP4_locatedFull20240526_bot_Eden_test.csv,,,,,,,1:08,1:54,,,,,,,,,,,
,,fronter,,,,,19.6,19.6,D:\Eden\dress_exp\28_5_24,D:\Eden\dress_exp\28_5_24\C0826.MP4,D:\Eden\dress_exp\28_5_24\C0826.MP4_locatedFull20240526_bot_Eden_test.csv,,,,,,,1:58,6:00,,,,,,,,,,,
,,fronter,,,,,19.6,19.6,D:\Eden\dress_exp\28_5_24,D:\Eden\dress_exp\28_5_24\C0826.MP4,D:\Eden\dress_exp\28_5_24\C0826.MP4_locatedFull20240526_bot_Eden_test.csv,,,,,,,6:10,15:23,,,,,,,,,,,
,,fronter,,,,,19.6,19.6,D:\Eden\dress_exp\28_5_24,D:\Eden\dress_exp\28_5_24\C0826.MP4,D:\Eden\dress_exp\28_5_24\C0826.MP4_locatedFull20240526_bot_Eden_test.csv,,,,,,,15:30,20:46,,,,,,,,,,,
20240530,,fronter,,,,,19.6,19.6,D:\Eden\dress_exp\30_5_24,D:\Eden\dress_exp\30_5_24\C0834.MP4,D:\Eden\dress_exp\30_5_24\C0834.MP4_locatedFull20240602_bot_Eden_test.csv,,,,,,,0:09,1:06,,,,,,,,,,,
,,fronter,,,,,19.6,19.6,D:\Eden\dress_exp\30_5_24,D:\Eden\dress_exp\30_5_24\C0835.MP4,D:\Eden\dress_exp\30_5_24\C0835.MP4_locatedFull20240602_bot_Eden_test.csv,,,,,,,2:19,3:59,,,,,,,,,,,
,,fronter,,,,,19.6,19.6,D:\Eden\dress_exp\30_5_24,D:\Eden\dress_exp\30_5_24\C0836.MP4,D:\Eden\dress_exp\30_5_24\C0836.MP4_locatedFull20240602_bot_Eden_test.csv,,,,,,,0:06,16:07,,,,,,,,,,,
,,fronter,,,,,19.6,19.6,D:\Eden\dress_exp\30_5_24,D:\Eden\dress_exp\30_5_24\C0837.MP4,D:\Eden\dress_exp\30_5_24\C0837.MP4_locatedFull20240602_bot_Eden_test.csv,,,,,,,0:06,15:09,,,,,,,,,,,
,,fronter,,,,,19.6,19.6,D:\Eden\dress_exp\30_5_24,D:\Eden\dress_exp\30_5_24\C0838.MP4,D:\Eden\dress_exp\30_5_24\C0838.MP4_locatedFull20240602_bot_Eden_test.csv,,,,,,,0:05,15:45,,,,,,,,,,,
,,fronter,,,,,19.6,19.6,D:\Eden\dress_exp\30_5_24,D:\Eden\dress_exp\30_5_24\C0839.MP4,D:\Eden\dress_exp\30_5_24\C0839.MP4_locatedFull20240602_bot_Eden_test.csv,,,,,,,0:05,10:44,,,,,,,,,,,
,,fronter,,,,,19.6,19.6,D:\Eden\dress_exp\30_5_24,D:\Eden\dress_exp\30_5_24\C0840.MP4,D:\Eden\dress_exp\30_5_24\C0840.MP4_locatedFull20240602_bot_Eden_test.csv,,,,,,,0:05,15:12,,,,,,,,,,,
,,fronter,,,,,23,23,D:\Eden\dress_exp\30_5_24,D:\Eden\dress_exp\30_5_24\C0842.MP4,D:\Eden\dress_exp\30_5_24\C0842.MP4_locatedFull20240602_bot_Eden_test.csv,,,,,,,0:28,1:19,,,,,,,,,,,
,,fronter,,,,,23,23,D:\Eden\dress_exp\30_5_24,D:\Eden\dress_exp\30_5_24\C0842.MP4,D:\Eden\dress_exp\30_5_24\C0842.MP4_locatedFull20240602_bot_Eden_test.csv,,,,,,,1:29,3:48,,,,,,,,,,,
,,fronter,,,,,23,23,D:\Eden\dress_exp\30_5_24,D:\Eden\dress_exp\30_5_24\C0843.MP4,D:\Eden\dress_exp\30_5_24\C0843.MP4_locatedFull20240602_bot_Eden_test.csv,,,,,,,0:05,17:05,,,,,,,,,,,
,,fronter,,,,,23,23,D:\Eden\dress_exp\30_5_24,D:\Eden\dress_exp\30_5_24\C0846.MP4,D:\Eden\dress_exp\30_5_24\C0846.MP4_locatedFull20240602_bot_Eden_test.csv,,,,,,,0:06,17:21,,,,,,,,,,,
,,fronter,,,,,23,23,D:\Eden\dress_exp\30_5_25,D:\Eden\dress_exp\30_5_24\C0847.MP4,D:\Eden\dress_exp\30_5_24\C0847.MP4_locatedFull20240602_bot_Eden_test.csv,,,,,,,0:06,15:35,,,,,,,,,,,